Date,Description,Reference,Category,Batch#,SKU#,Amount,Year,Source
2024-01-02 00:00:00,Trans Global Freight Management Ltd - CS007 - Batch 6 - Freight,INVF529052 - EVER ARM - OOLU0901921 - UK,Freight & Custom Duty,6,CS007,572.05,2024,Xero Export
2024-01-02 00:00:00,Trans Global Freight Management Ltd - CS 007 - Batch 6 - Custom Duty,DINV262176 - EVER ARM - OOLU0901921 - UK ,Freight & Custom Duty,6,CS007,37.09,2024,Xero Export
2024-01-13 00:00:00,FMC Logistics - CS 007 - Batch 7 - Freight,FMI21917 - MSC ELOANE/ 352W - MRKU4430533 - UK,Freight & Custom Duty,7,CS007,1217.03,2024,Xero Export
2024-01-13 00:00:00,FMC Logistics - CS 009 - Batch 7 - Freight,FMI21917 - MSC ELOANE/ 352W - MRKU4430533 - UK,Freight & Custom Duty,7,CS009,298.6,2024,Xero Export
2024-01-13 00:00:00,FMC Logistics - CS 010 - Batch 7 - Freight,FMI21917 - MSC ELOANE/ 352W - MRKU4430533 - UK,Freight & Custom Duty,7,CS010,99.53,2024,Xero Export
2024-01-13 00:00:00,FMC Logistics - CS CDS 001 - Batch 1 - Freight,FMI21917 - MSC ELOANE/ 352W - MRKU4430533 - UK,Freight & Custom Duty,1,CSCDS001,520.74,2024,Xero Export
2024-01-13 00:00:00,FMC Logistics - CS CDS 002 - Batch 1 - Freight,FMI21917 - MSC ELOANE/ 352W - MRKU4430533 - UK,Freight & Custom Duty,1,CSCDS002,556.05,2024,Xero Export
2024-02-19 00:00:00,FMC Logistics - CS 007 - Batch 7 - Freight,FM40508D - MSC ELOANE/ 352W - MRKU4430533 - UK,Freight & Custom Duty,7,CS007,508.76,2024,Xero Export
2024-02-19 00:00:00,FMC Logistics - CS 009 - Batch 7 - Freight,FM40508D - MSC ELOANE/ 352W - MRKU4430533 - UK,Freight & Custom Duty,7,CS009,116.45,2024,Xero Export
2024-02-19 00:00:00,FMC Logistics - CS 010 - Batch 7 - Freight,FM40508D - MSC ELOANE/ 352W - MRKU4430533 - UK,Freight & Custom Duty,7,CS010,80.73,2024,Xero Export
2024-02-19 00:00:00,FMC Logistics - CS CDS 001 - Batch 1 - Freight,FM40508D - MSC ELOANE/ 352W - MRKU4430533 - UK,Freight & Custom Duty,1,CSCDS001,328.39,2024,Xero Export
2024-02-19 00:00:00,FMC Logistics - CS CDS 002 - Batch 1 - Freight,FM40508D - MSC ELOANE/ 352W - MRKU4430533 - UK,Freight & Custom Duty,1,CSCDS002,350.67,2024,Xero Export
2024-03-18 00:00:00,"FMC Logistics -  CS 007 - Batch 8 - Freight
",FMI22841 - OOCL GERMANY/ 031W - OOCU8336559 - UK,Freight & Custom Duty,8,CS007,2375.56,2024,Xero Export
2024-03-18 00:00:00,FMC Logistics -  CS 008 - Batch 8 - Freight,FMI22841 - OOCL GERMANY/ 031W - OOCU8336559 - UK,Freight & Custom Duty,8,CS008,132.08,2024,Xero Export
2024-03-18 00:00:00,FMC Logistics -  CS 009 - Batch 8 - Freight,FMI22841 - OOCL GERMANY/ 031W - OOCU8336559 - UK,Freight & Custom Duty,8,CS009,998.15,2024,Xero Export
2024-03-18 00:00:00,FMC Logistics -  CS 010 - Batch 8 - Freight,FMI22841 - OOCL GERMANY/ 031W - OOCU8336559 - UK,Freight & Custom Duty,8,CS010,407.44,2024,Xero Export
2024-05-13 00:00:00,FMC Logistics - CS 007 - Batch 8 - Custom Duty,FM41825D - LL1 OOCL GERMANY - OOCU8336559 - 40ft HC - UK,Freight & Custom Duty,8,CS007,769.81,2024,Xero Export
2024-05-13 00:00:00,FMC Logistics - CS 008 - Batch 8 - Custom Duty,FM41825D - LL1 OOCL GERMANY - OOCU8336559 - 40ft HC - UK,Freight & Custom Duty,8,CS008,55.27,2024,Xero Export
2024-05-13 00:00:00,FMC Logistics - CS 009 - Batch 8 - Custom Duty,FM41825D - LL1 OOCL GERMANY - OOCU8336559 - 40ft HC - UK,Freight & Custom Duty,8,CS009,343.16,2024,Xero Export
2024-05-13 00:00:00,FMC Logistics - CS 010 - Batch 8 - Custom Duty,FM41825D - LL1 OOCL GERMANY - OOCU8336559 - 40ft HC - UK,Freight & Custom Duty,8,CS010,252.13,2024,Xero Export
2024-06-13 00:00:00,FMC Logistics - CS 010 - Batch 11 - Freight,FMI23862 - MSC ILARIA/ 425W - MRKU2605099 - UK,Freight & Custom Duty,11,CS010,452.13,2024,Xero Export
2024-06-13 00:00:00,FMC Logistics - CS 007 - Batch 11 - Freight,FMI23862 - MSC ILARIA/ 425W - MRKU2605099 - UK,Freight & Custom Duty,11,CS007,5721.0,2024,Xero Export
2024-06-13 00:00:00,FMC Logistics - CS 009 - Batch 11 - Freight,FMI23862 - MSC ILARIA/ 425W - MRKU2605099 - UK,Freight & Custom Duty,11,CS009,1226.0,2024,Xero Export
2024-07-01 00:00:00,FMC Logistics - CS 007 - Batch 9 - Custom Duty,FM42654D - MSC IDANIA - PONU8173841 - UK,Freight & Custom Duty,9,CS007,494.01,2024,Xero Export
2024-07-01 00:00:00,FMC Logistics - CS 008 - Batch 9 - Custom Duty,FM42654D - MSC IDANIA - PONU8173841 - UK,Freight & Custom Duty,9,CS008,13.69,2024,Xero Export
2024-07-01 00:00:00,FMC Logistics - CS 009 - Batch 9 - Custom Duty,FM42654D - MSC IDANIA - PONU8173841 - UK,Freight & Custom Duty,9,CS009,118.13,2024,Xero Export
2024-07-01 00:00:00,FMC Logistics - CS 010 - Batch 9 - Custom Duty,FM42654D - MSC IDANIA - PONU8173841 - UK,Freight & Custom Duty,9,CS010,56.02,2024,Xero Export
2024-07-01 00:00:00,FMC Logistics - CS CDS 001 - Batch 2 - Custom Duty,FM42654D - MSC IDANIA - PONU8173841 - UK,Freight & Custom Duty,2,CSCDS001,495.79,2024,Xero Export
2024-07-01 00:00:00,FMC Logistics - CS CDS 002 - Batch 2 - Custom Duty,FM42654D - MSC IDANIA - PONU8173841 - UK,Freight & Custom Duty,2,CSCDS002,661.82,2024,Xero Export
2024-07-01 00:00:00,"FMC Logistics - CS 007 - Batch 9 -
Freight",FMI23274 - MSC IDANIA 419W - PONU8173841 - UK,Freight & Custom Duty,9,CS007,1407.21,2024,Xero Export
2024-07-01 00:00:00,"FMC Logistics - CS 008 - Batch 9-
Freight",FMI23274 - MSC IDANIA 419W - PONU8173841 - UK,Freight & Custom Duty,9,CS008,39.0,2024,Xero Export
2024-07-01 00:00:00,FMC Logistics - CS 009 - Batch 9 - Freight,FMI23274 - MSC IDANIA 419W - PONU8173841 - UK,Freight & Custom Duty,9,CS009,336.51,2024,Xero Export
2024-07-01 00:00:00,"FMC Logistics - CS 010 - Batch 9-
Freight",FMI23274 - MSC IDANIA 419W - PONU8173841 - UK,Freight & Custom Duty,9,CS010,159.56,2024,Xero Export
2024-07-01 00:00:00,"FMC Logistics - CS CDS 001 - Batch 2-
Freight",FMI23274 - MSC IDANIA 419W - PONU8173841 - UK,Freight & Custom Duty,2,CSCDS001,1040.11,2024,Xero Export
2024-07-01 00:00:00,"FMC Logistics - CS CDS 002 - Batch 2-
Freight",FMI23274 - MSC IDANIA 419W - PONU8173841 - UK,Freight & Custom Duty,2,CSCDS002,1388.43,2024,Xero Export
2024-07-15 00:00:00,FMC Logistics - CS 007 - Batch 10 - Freight,FMI23444 - OOCL JAPAN 031W - CSNU7428876 - UK,Freight & Custom Duty,10,CS007,3637.06,2024,Xero Export
2024-07-15 00:00:00,FMC Logistics - CS 009 - Batch 10 - Freight,FMI23444 - OOCL JAPAN 031W - CSNU7428876 - UK,Freight & Custom Duty,10,CS009,1452.45,2024,Xero Export
2024-07-15 00:00:00,FMC Logistics - CS CDS 001 - Batch 2 - Freight,FMI23444 - OOCL JAPAN 031W - CSNU7428876 - UK,Freight & Custom Duty,2,CSCDS001,816.36,2024,Xero Export
2024-07-15 00:00:00,FMC Logistics - CS 010 - Batch 10 - Freight,FMI23444 - OOCL JAPAN 031W - CSNU7428876 - UK,Freight & Custom Duty,10,CS010,177.9,2024,Xero Export
2024-07-26 00:00:00,FMC Logistics - CS CDS 001 - Batch 2 - Custom Duty,FM43190D - LL1 OOCL JAPAN -  CSNU7428876 - UK,Freight & Custom Duty,2,CSCDS001,223.1,2024,Xero Export
2024-07-26 00:00:00,FMC Logistics - CS 007 - Batch 10 - Custom Duty,FM43190D - LL1 OOCL JAPAN -  CSNU7428876 - UK,Freight & Custom Duty,10,CS007,882.44,2024,Xero Export
2024-07-26 00:00:00,FMC Logistics - CS 009 - Batch 10 - Custom Duty,FM43190D - LL1 OOCL JAPAN -  CSNU7428876 - UK,Freight & Custom Duty,10,CS009,352.48,2024,Xero Export
2024-07-26 00:00:00,FMC Logistics - CS 010 - Batch 10 - Custom Duty,FM43190D - LL1 OOCL JAPAN -  CSNU7428876 - UK,Freight & Custom Duty,10,CS010,43.16,2024,Xero Export
2024-07-29 00:00:00,V Global Logistics - CS 007 - Batch 12 - Freight,VUK00003566 - OOCL SPAIN / 006W - OOCU8157379 - 40HC - UK,Freight & Custom Duty,12,CS007,4320.59,2024,Xero Export
2024-07-29 00:00:00,V Global Logistics - CS 008 - Batch 12 - Freight,VUK00003566 - OOCL SPAIN / 006W - OOCU8157379 - 40HC - UK,Freight & Custom Duty,12,CS008,287.53,2024,Xero Export
2024-07-29 00:00:00,V Global Logistics - CS 009 - Batch 12 - Freight,VUK00003566 - OOCL SPAIN / 006W - OOCU8157379 - 40HC - UK,Freight & Custom Duty,12,CS009,1053.7,2024,Xero Export
2024-07-29 00:00:00,V Global Logistics - CS 010 - Batch 12 - Freight,VUK00003566 - OOCL SPAIN / 006W - OOCU8157379 - 40HC - UK,Freight & Custom Duty,12,CS010,998.24,2024,Xero Export
2024-07-29 00:00:00,V Global Logistics - CS 011 - Batch 12 - Freight,VUK00003566 - OOCL SPAIN / 006W - OOCU8157379 - 40HC - UK,Freight & Custom Duty,12,CS011,1296.01,2024,Xero Export
2024-07-29 00:00:00,V Global Logistics - CS 012 - Batch 12 - Freight,VUK00003566 - OOCL SPAIN / 006W - OOCU8157379 - 40HC - UK,Freight & Custom Duty,12,CS012,575.91,2024,Xero Export
2024-08-09 00:00:00,FMC Logistics - CS 007 - Batch 11 - Custom Duty,FM43483D - MSC ILARIA - MRKU2605099 - 40ft HC - UK,Freight & Custom Duty,11,CS007,1203.25,2024,Xero Export
2024-08-09 00:00:00,FMC Logistics - CS 009 - Batch 11 - Custom Duty,FM43483D - MSC ILARIA - MRKU2605099 - 40ft HC - UK,Freight & Custom Duty,11,CS009,257.89,2024,Xero Export
2024-08-09 00:00:00,FMC Logistics - CS 010 - Batch 11 - Custom Duty,FM43483D - MSC ILARIA - MRKU2605099 - 40ft HC - UK,Freight & Custom Duty,11,CS010,95.25,2024,Xero Export
2024-09-16 00:00:00,V Global Logistics - CS 007 - Batch 12 - Custom Duty,VUK00003584 - OOCL SPAIN / 006W - OOCU8157379 - 40HC - UK,Freight & Custom Duty,12,CS007,993.87,2024,Xero Export
2024-09-16 00:00:00,V Global Logistics - CS 008 - Batch 12 - Custom Duty,VUK00003584 - OOCL SPAIN / 006W - OOCU8157379 - 40HC - UK,Freight & Custom Duty,12,CS008,66.15,2024,Xero Export
2024-09-16 00:00:00,V Global Logistics - CS 009 - Batch 12 - Custom Duty,VUK00003584 - OOCL SPAIN / 006W - OOCU8157379 - 40HC - UK,Freight & Custom Duty,12,CS009,242.43,2024,Xero Export
2024-09-16 00:00:00,V Global Logistics - CS 010 - Batch 12 - Custom Duty,VUK00003584 - OOCL SPAIN / 006W - OOCU8157379 - 40HC - UK,Freight & Custom Duty,12,CS010,229.67,2024,Xero Export
2024-09-16 00:00:00,V Global Logistics - CS 011 - Batch 12 - Custom Duty,VUK00003584 - OOCL SPAIN / 006W - OOCU8157379 - 40HC - UK,Freight & Custom Duty,12,CS011,298.39,2024,Xero Export
2024-09-16 00:00:00,V Global Logistics - CS 012 - Batch 12 - Custom Duty,VUK00003584 - OOCL SPAIN / 006W - OOCU8157379 - 40HC - UK,Freight & Custom Duty,12,CS012,132.5,2024,Xero Export
2024-09-17 00:00:00,FMC Logistics - CS CDS 001 - Batch 3 - Freight,FM44187 - COPIAPO - FTAU1552236 - UK,Freight & Custom Duty,3,CSCDS001,795.65,2024,Xero Export
2024-09-17 00:00:00,FMC Logistics - CS CDS 002 - Batch 3 - Freight,FM44187 - COPIAPO - FTAU1552236 - UK,Freight & Custom Duty,3,CSCDS002,3041.89,2024,Xero Export
2024-09-19 00:00:00,FMC Logistics - CS CDS 001 - Batch 3 - Freight,FM44233 - COPIAPO - FTAU1552236 - UK,Freight & Custom Duty,3,CSCDS001,34.21,2024,Xero Export
2024-09-19 00:00:00,FMC Logistics - CS CDS 002 - Batch 3 - Freight,FM44233 - COPIAPO - FTAU1552236 - UK,Freight & Custom Duty,3,CSCDS002,130.79,2024,Xero Export
2024-12-12 00:00:00,FMC Logistics - CS CDS 001 - Batch 4 - Freight,FM45948 - APL GWANGYANG - ONEU2555534 - 20ft - UK,Freight & Custom Duty,4,CSCDS001,1342.22,2024,Xero Export
2024-12-12 00:00:00,FMC Logistics - CS CDS 001 - Batch 4 - Freight,FM45948 - APL GWANGYANG - ONEU2555534 - 20ft - UK,Freight & Custom Duty,4,CSCDS001,2381.43,2024,Xero Export
2024-12-17 00:00:00,FMC Logistics - CS 008 - Batch 13 - Freight,FM46032 - MSC BIANCA SILVIA - TCNU2723703 - UK,Freight & Custom Duty,13,CS008,50.41,2024,Xero Export
2024-12-17 00:00:00,FMC Logistics - CS 010 - Batch 13 - Freight,FM46032 - MSC BIANCA SILVIA - TCNU2723703 - UK,Freight & Custom Duty,13,CS010,276.92,2024,Xero Export
2024-12-17 00:00:00,FMC Logistics - CS 007 - Batch 13 - Freight,FM46032 - MSC BIANCA SILVIA - TCNU2723703 - UK,Freight & Custom Duty,13,CS007,2010.19,2024,Xero Export
2024-12-17 00:00:00,FMC Logistics - CS 011 - Batch 13 - Freight,FM46032 - MSC BIANCA SILVIA - TCNU2723703 - UK,Freight & Custom Duty,13,CS011,733.37,2024,Xero Export
2024-12-17 00:00:00,FMC Logistics - CS 009 - Batch 13 - Freight,FM46032 - MSC BIANCA SILVIA - TCNU2723703 - UK,Freight & Custom Duty,13,CS009,589.65,2024,Xero Export
2024-12-17 00:00:00,FMC Logistics - CS 012 - Batch 13 - Freight,FM46032 - MSC BIANCA SILVIA - TCNU2723703 - UK,Freight & Custom Duty,13,CS012,611.82,2024,Xero Export
2024-01-13 00:00:00,Time Value Limited - CS 007 - Batch 7 - Production,PH231236 - Time Value Limited,Manufacturing,7,CS007,815.12,2024,Xero Export
2024-01-13 00:00:00,Time Value Limited - CS 009 - Batch 7 - Production,PH231236 - Time Value Limited,Manufacturing,7,CS009,445.89,2024,Xero Export
2024-01-13 00:00:00,"Time Value Limited - CS 010 - Batch 7 - Production
",PH231236 - Time Value Limited,Manufacturing,7,CS010,396.44,2024,Xero Export
2024-01-13 00:00:00,"Time Value Limited - CS 007 - Batch 7 - Production
",PH231236 - Time Value Limited,Manufacturing,7,CS007,2996.21,2024,Xero Export
2024-01-13 00:00:00,"Time Value Limited - CS 009 - Batch 7 - Production
",PH231236 - Time Value Limited,Manufacturing,7,CS009,448.82,2024,Xero Export
2024-01-13 00:00:00,"Time Value Limited - CS 010 - Batch 7 - Production
",PH231236 - Time Value Limited,Manufacturing,7,CS010,396.44,2024,Xero Export
2024-01-13 00:00:00,Hirech Industrial Co Ltd - CS CDS 001 - Batch 1 - Production,RECHETX231024-1 - Hirech Industrial Co Ltd,Manufacturing,1,CSCDS001,2692.89,2024,Xero Export
2024-01-13 00:00:00,Hirech Industrial Co Ltd - CS CDS 002 - Batch 1 - Production,RECHETX231024-1 - Hirech Industrial Co Ltd,Manufacturing,1,CSCDS002,2868.93,2024,Xero Export
2024-02-19 00:00:00,Shanghai Yucai Industrial Co Ltd - CS 009 - Batch 8 - Packaging label & gift card,14345449001037350 - Shanghai Yucai Industrial Co Ltd,Manufacturing,8,CS009,24.53,2024,Xero Export
2024-02-19 00:00:00,"Jiangsu Guangyun Electromechanical Co., Ltd. - CS 007 - Batch 8 - Production","PH240329 - Jiangsu Guangyun Electromechanical Co., Ltd.",Manufacturing,8,CS007,10782.91,2024,Xero Export
2024-02-19 00:00:00,"Jiangsu Guangyun Electromechanical Co., Ltd. - CS 008 - Batch 8 - Production","PH240329 - Jiangsu Guangyun Electromechanical Co., Ltd.",Manufacturing,8,CS008,865.95,2024,Xero Export
2024-02-19 00:00:00,"Jiangsu Guangyun Electromechanical Co., Ltd. - CS 009 - Batch 8 - Production","PH240329 - Jiangsu Guangyun Electromechanical Co., Ltd.",Manufacturing,8,CS009,4878.17,2024,Xero Export
2024-02-19 00:00:00,"Jiangsu Guangyun Electromechanical Co., Ltd. - CS 010 - Batch 8 - Production","PH240329 - Jiangsu Guangyun Electromechanical Co., Ltd.",Manufacturing,8,CS010,4430.48,2024,Xero Export
2024-02-19 00:00:00,Huizhou Anboson Technology Co Ltd - CS 009 - Batch 8 - Production Gloves,"202293939501027350 - Huizhou Anboson Technology Co., Ltd",Manufacturing,8,CS009,258.86,2024,Xero Export
2024-02-23 00:00:00,Shanghai Yucai Industrial Co Ltd - CS 007 - Batch 8 - Production Box,PI240219 - Shanghai Yucai Industrial,Manufacturing,8,CS007,1910.3,2024,Xero Export
2024-02-23 00:00:00,Shanghai Yucai Industrial Co Ltd - CS 008 - Batch 8 - Production Box,PI240219 - Shanghai Yucai Industrial,Manufacturing,8,CS008,67.92,2024,Xero Export
2024-02-23 00:00:00,Shanghai Yucai Industrial Co Ltd - CS 009 - Batch 8 - Production Box,PI240219 - Shanghai Yucai Industrial,Manufacturing,8,CS009,611.88,2024,Xero Export
2024-02-23 00:00:00,Shanghai Yucai Industrial Co Ltd - CS 010 - Batch 8 - Production Box,PI240219 - Shanghai Yucai Industrial,Manufacturing,8,CS010,132.36,2024,Xero Export
2024-03-20 00:00:00,Shanghai Yucai Industrial Co Ltd - CS 007 - Batch 9 - Production Box,PI240320 - Shanghai Yucai Industrial,Manufacturing,9,CS007,615.08,2024,Xero Export
2024-03-20 00:00:00,Shanghai Yucai Industrial Co Ltd - CS 009 - Batch 9 - Production Box,PI240320 - Shanghai Yucai Industrial,Manufacturing,9,CS009,156.97,2024,Xero Export
2024-03-20 00:00:00,"Jiangsu Guangyun Electromechanical Co., Ltd. - CS 007 - Batch 9 - Production","PI-2403202-1 - Jiangsu Guangyun Electromechanical Co., Ltd.",Manufacturing,9,CS007,6067.26,2024,Xero Export
2024-03-20 00:00:00,"Jiangsu Guangyun Electromechanical Co., Ltd. - CS 008 - Batch 9 - Production","PI-2403202-1 - Jiangsu Guangyun Electromechanical Co., Ltd.",Manufacturing,9,CS008,241.59,2024,Xero Export
2024-03-20 00:00:00,"Jiangsu Guangyun Electromechanical Co., Ltd. - CS 009 - Batch 9 - Production","PI-2403202-1 - Jiangsu Guangyun Electromechanical Co., Ltd.",Manufacturing,9,CS009,1563.25,2024,Xero Export
2024-03-20 00:00:00,"Jiangsu Guangyun Electromechanical Co., Ltd. - CS 010 - Batch 9 - Production","PI-2403202-1 - Jiangsu Guangyun Electromechanical Co., Ltd.",Manufacturing,9,CS010,1648.09,2024,Xero Export
2024-03-20 00:00:00,Huizhou Anboson Technology Co Ltd - CS 009 - Batch 9 - Production Gloves,"14765445501037350 - Huizhou Anboson Technology Co., Ltd",Manufacturing,9,CS009,85.99,2024,Xero Export
2024-03-28 00:00:00,L Victory Trading Ltd - CS 007 - Batch 8 - Inspection,AZ-RR-35-24 - L Victory Trading Ltd,Manufacturing,8,CS007,103.77,2024,Xero Export
2024-03-28 00:00:00,L Victory Trading Ltd - CS 008 - Batch 8 - Inspection,AZ-RR-35-24 - L Victory Trading Ltd,Manufacturing,8,CS008,20.41,2024,Xero Export
2024-03-28 00:00:00,L Victory Trading Ltd - CS 009 - Batch 8 - Inspection,AZ-RR-35-24 - L Victory Trading Ltd,Manufacturing,8,CS009,34.49,2024,Xero Export
2024-03-28 00:00:00,L Victory Trading Ltd - CS 010 - Batch 8 - Inspection,AZ-RR-35-24 - L Victory Trading Ltd,Manufacturing,8,CS010,39.36,2024,Xero Export
2024-04-02 00:00:00,"Shanghai Yucai Industrial Co., Ltd. - CS 007 - Batch 9 - Production","PI240320 - Shanghai Yucai Industrial Co., Ltd.",Manufacturing,9,CS007,625.49,2024,Xero Export
2024-04-02 00:00:00,"Shanghai Yucai Industrial Co., Ltd. - CS 009 - Batch 9 - Production","PI240320 - Shanghai Yucai Industrial Co., Ltd.",Manufacturing,9,CS009,159.62,2024,Xero Export
2024-04-09 00:00:00,Alibaba - CS 009 - Batch 10 - Production Gloves,"15007249501037350 - Huizhou Anboson Technology Co., Ltd",Manufacturing,10,CS009,286.39,2024,Xero Export
2024-04-09 00:00:00,"Shanghai Yucai Industrial Co., Ltd. - CS 007 - Batch 10 - Production Box","PI240409 - Shanghai Yucai Industrial Co., Ltd.",Manufacturing,10,CS007,1614.67,2024,Xero Export
2024-04-09 00:00:00,"Shanghai Yucai Industrial Co., Ltd. - CS 009 - Batch 10 - Production Box","PI240409 - Shanghai Yucai Industrial Co., Ltd.",Manufacturing,10,CS009,513.23,2024,Xero Export
2024-04-09 00:00:00,"Shanghai Yucai Industrial Co., Ltd. - CS 010 - Batch 10 - Production Box","PI240409 - Shanghai Yucai Industrial Co., Ltd.",Manufacturing,10,CS010,629.72,2024,Xero Export
2024-04-26 00:00:00,Jiangsu B-Line Tools Co Ltd - CS CDS 001 - Batch 2 - Production,BLTE24026R - Jiangsu B-Line Tools Co Ltd,Manufacturing,2,CSCDS001,7686.86,2024,Xero Export
2024-04-26 00:00:00,Jiangsu B-Line Tools Co Ltd - CS CDS 002 - Batch 2 - Production,BLTE24026R - Jiangsu B-Line Tools Co Ltd,Manufacturing,2,CSCDS002,6965.35,2024,Xero Export
2024-05-02 00:00:00,L Victory Trading Ltd - CS 007 - Batch 9 - Inspection,AZ-RR-37-27 - L Victory Trading Ltd,Manufacturing,9,CS007,9.89,2024,Xero Export
2024-05-02 00:00:00,L Victory Trading Ltd - CS 008 - Batch 9 - Inspection,AZ-RR-37-27 - L Victory Trading Ltd,Manufacturing,9,CS008,29.65,2024,Xero Export
2024-05-02 00:00:00,L Victory Trading Ltd - CS 009 - Batch 9 - Inspection,AZ-RR-37-27 - L Victory Trading Ltd,Manufacturing,9,CS009,127.92,2024,Xero Export
2024-05-02 00:00:00,L Victory Trading Ltd - CS 010 - Batch 9 - Inspection,AZ-RR-37-27 - L Victory Trading Ltd,Manufacturing,9,CS010,31.99,2024,Xero Export
2024-05-02 00:00:00,L Victory Trading Ltd - CS CDS 001 - Batch 2 - Inspection,AZ-RR-37-27 - L Victory Trading Ltd,Manufacturing,2,CSCDS001,128.21,2024,Xero Export
2024-05-02 00:00:00,L Victory Trading Ltd - CS CDS 002 - Batch 2 - Inspection,AZ-RR-37-27 - L Victory Trading Ltd,Manufacturing,2,CSCDS002,71.25,2024,Xero Export
2024-05-07 00:00:00,Shanghai Yucai Industrial Co Ltd - CS 007 - Batch 11 - Production Box,PI240506 - Shanghai Yucai Industrial Co Ltd,Manufacturing,11,CS007,2554.22,2024,Xero Export
2024-05-07 00:00:00,Shanghai Yucai Industrial Co Ltd - CS 009 - Batch 11 - Production Box,PI240506 - Shanghai Yucai Industrial Co Ltd,Manufacturing,11,CS009,673.83,2024,Xero Export
2024-05-07 00:00:00,Shanghai Yucai Industrial Co Ltd - CS010 - Batch 11 - Production Box,PI240506 - Shanghai Yucai Industrial Co Ltd,Manufacturing,11,CS010,37.6,2024,Xero Export
2024-05-08 00:00:00,Huizhou Anboson Technology Co Ltd - CS 009 - Batch 11 - Production Gloves,21076112200102735 - Huizhou Anboson Technology Co Ltd,Manufacturing,11,CS009,300.08,2024,Xero Export
2024-05-22 00:00:00,Huizhou Anboson Technology Co Ltd - CS 009 - Batch 13 - Production Gloves,15559369501037350 - Huizhou Anboson Technology Co Ltd,Manufacturing,13,CS009,377.5,2024,Xero Export
2024-05-22 00:00:00,Huizhou Anboson Technology Co Ltd - CS 012 - Batch 13 - Production Gloves,15559369501037350 - Huizhou Anboson Technology Co Ltd,Manufacturing,13,CS012,224.5,2024,Xero Export
2024-05-23 00:00:00,"Jiangsu Guangyun Electromechanical Co., Ltd. - CS 010 - Batch 10 - Production","PH240526 - Jiangsu Guangyun Electromechanical Co., Ltd.",Manufacturing,10,CS010,1302.09,2024,Xero Export
2024-05-23 00:00:00,"Jiangsu Guangyun Electromechanical Co., Ltd. - CS 007 - Batch 10 - Production","PH240526 - Jiangsu Guangyun Electromechanical Co., Ltd.",Manufacturing,10,CS007,11112.16,2024,Xero Export
2024-05-23 00:00:00,"Jiangsu Guangyun Electromechanical Co., Ltd. - CS 009 - Batch 10 - Production","PH240526 - Jiangsu Guangyun Electromechanical Co., Ltd.",Manufacturing,10,CS009,4781.35,2024,Xero Export
2024-05-28 00:00:00,"Jiangsu Guangyun Electromechanical Co., Ltd. - CS 008 - Batch 12 - Production","PH240745 - Jiangsu Guangyun Electromechanical Co., Ltd.",Manufacturing,12,CS008,284.9,2024,Xero Export
2024-05-28 00:00:00,"Jiangsu Guangyun Electromechanical Co., Ltd. - CS 010 - Batch 12 - Production","PH240745 - Jiangsu Guangyun Electromechanical Co., Ltd.",Manufacturing,12,CS010,2591.28,2024,Xero Export
2024-05-28 00:00:00,"Jiangsu Guangyun Electromechanical Co., Ltd. - CS 007 - Batch 12 - Production","PH240745 - Jiangsu Guangyun Electromechanical Co., Ltd.",Manufacturing,12,CS007,8292.85,2024,Xero Export
2024-05-28 00:00:00,"Jiangsu Guangyun Electromechanical Co., Ltd. - CS 011 - Batch 12 - Production","PH240745 - Jiangsu Guangyun Electromechanical Co., Ltd.",Manufacturing,12,CS011,6727.36,2024,Xero Export
2024-05-28 00:00:00,"Jiangsu Guangyun Electromechanical Co., Ltd. - CS 009 - Batch 12 - Production","PH240745 - Jiangsu Guangyun Electromechanical Co., Ltd.",Manufacturing,12,CS009,3475.66,2024,Xero Export
2024-05-28 00:00:00,"Jiangsu Guangyun Electromechanical Co., Ltd. - CS012 -Batch 12 - Production","PH240745 - Jiangsu Guangyun Electromechanical Co., Ltd.",Manufacturing,12,CS012,4983.23,2024,Xero Export
2024-05-30 00:00:00,Bari Textiles - CS CDS 001 - Batch 4 - Production,BTML-240091-01 - Bari Textiles,Manufacturing,4,CSCDS001,3333.33,2024,Xero Export
2024-05-30 00:00:00,Bari Textiles - CS CDS 002 - Batch 4 - Production,BTML-240091-01 - Bari Textiles,Manufacturing,4,CSCDS002,5914.16,2024,Xero Export
2024-06-03 00:00:00,L Victory Trading Ltd - CS 007 - Batch 10  - Inspection,AZ-RR-39-29 - L Victory Trading Ltd,Manufacturing,10,CS007,148.09,2024,Xero Export
2024-06-03 00:00:00,L Victory Trading Ltd - CS 009 - Batch 10  - Inspection,AZ-RR-39-29 - L Victory Trading Ltd,Manufacturing,10,CS009,37.1,2024,Xero Export
2024-06-03 00:00:00,L Victory Trading Ltd - CS 010 - Batch 10  - Inspection,AZ-RR-39-29 - L Victory Trading Ltd,Manufacturing,10,CS010,10.04,2024,Xero Export
2024-06-11 00:00:00,Shanghai Yucai Industrial Co Ltd - CS 007 - Batch 12 - Production Box,240522 - Shanghai Yucai Industrial Co Ltd,Manufacturing,12,CS007,1713.13,2024,Xero Export
2024-06-11 00:00:00,Shanghai Yucai Industrial Co Ltd - CS 008 - Batch 12 - Production Box,240522 - Shanghai Yucai Industrial Co Ltd,Manufacturing,12,CS008,16.0,2024,Xero Export
2024-06-11 00:00:00,Shanghai Yucai Industrial Co Ltd - CS 009 - Batch 12 - Production Box,240522 - Shanghai Yucai Industrial Co Ltd,Manufacturing,12,CS009,402.87,2024,Xero Export
2024-06-11 00:00:00,Shanghai Yucai Industrial Co Ltd - CS 010 - Batch 12 - Production Box,240522 - Shanghai Yucai Industrial Co Ltd,Manufacturing,12,CS010,55.44,2024,Xero Export
2024-06-11 00:00:00,Shanghai Yucai Industrial Co Ltd - CS 011 - Batch 12 - Production Box,240522 - Shanghai Yucai Industrial Co Ltd,Manufacturing,12,CS011,563.06,2024,Xero Export
2024-06-11 00:00:00,Shanghai Yucai Industrial Co Ltd - CS 012 - Batch 12 - Production Box,240522 - Shanghai Yucai Industrial Co Ltd,Manufacturing,12,CS012,312.71,2024,Xero Export
2024-06-17 00:00:00,"Jiangsu Guangyun Electromechanical Co., Ltd. - CS 010 - Batch 11 - Production","PH240621 - Jiangsu Guangyun Electromechanical Co., Ltd.",Manufacturing,11,CS010,1497.01,2024,Xero Export
2024-06-17 00:00:00,"Jiangsu Guangyun Electromechanical Co., Ltd. - CS 007 - Batch 11 - Production","PH240621 - Jiangsu Guangyun Electromechanical Co., Ltd.",Manufacturing,11,CS007,13997.69,2024,Xero Export
2024-06-17 00:00:00,"Jiangsu Guangyun Electromechanical Co., Ltd. - CS 009 - Batch 11 - Production","PH240621 - Jiangsu Guangyun Electromechanical Co., Ltd.",Manufacturing,11,CS009,5152.21,2024,Xero Export
2024-06-26 00:00:00,Shanghai Yucai Industrial Co Ltd - CS 007 - Batch 13 - Production Box,PI240613 - Shanghai Yucai Industrial Co Ltd,Manufacturing,13,CS007,1943.85,2024,Xero Export
2024-06-26 00:00:00,Shanghai Yucai Industrial Co Ltd - CS 008 - Batch 13 - Production Box,PI240613 - Shanghai Yucai Industrial Co Ltd,Manufacturing,13,CS008,16.9,2024,Xero Export
2024-06-26 00:00:00,Shanghai Yucai Industrial Co Ltd - CS 009 - Batch 13 - Production Box,PI240613 - Shanghai Yucai Industrial Co Ltd,Manufacturing,13,CS009,406.96,2024,Xero Export
2024-06-26 00:00:00,Shanghai Yucai Industrial Co Ltd - CS 010 - Batch 13 - Production Box,PI240613 - Shanghai Yucai Industrial Co Ltd,Manufacturing,13,CS010,58.57,2024,Xero Export
2024-06-26 00:00:00,Shanghai Yucai Industrial Co Ltd - CS 011 - Batch 13 - Production Box,PI240613 - Shanghai Yucai Industrial Co Ltd,Manufacturing,13,CS011,462.61,2024,Xero Export
2024-06-26 00:00:00,Shanghai Yucai Industrial Co Ltd - CS 012 - Batch 13 - Production Box,PI240613 - Shanghai Yucai Industrial Co Ltd,Manufacturing,13,CS012,231.3,2024,Xero Export
2024-07-03 00:00:00,L Victory Trading Ltd -  CS 007 - Batch 11 - Inspection,AZ-RR-40-31 - L Victory Trading Ltd,Manufacturing,11,CS007,151.67,2024,Xero Export
2024-07-03 00:00:00,L Victory Trading Ltd -  CS 009 - Batch 11 - Inspection,AZ-RR-40-31 - L Victory Trading Ltd,Manufacturing,11,CS009,32.49,2024,Xero Export
2024-07-03 00:00:00,L Victory Trading Ltd -  CS 010 - Batch 11 - Inspection,AZ-RR-40-31 - L Victory Trading Ltd,Manufacturing,11,CS010,11.99,2024,Xero Export
2024-07-18 00:00:00,L Victory Trading Ltd -  CS 007 - Batch 12 - Inspection,AZ-RR-41-32 - L Victory Trading Ltd,Manufacturing,12,CS007,97.74,2024,Xero Export
2024-07-18 00:00:00,L Victory Trading Ltd -  CS 008 - Batch 12 - Inspection,AZ-RR-41-32 - L Victory Trading Ltd,Manufacturing,12,CS008,6.49,2024,Xero Export
2024-07-18 00:00:00,L Victory Trading Ltd -  CS 009 - Batch 12 - Inspection,AZ-RR-41-32 - L Victory Trading Ltd,Manufacturing,12,CS009,23.85,2024,Xero Export
2024-07-18 00:00:00,L Victory Trading Ltd -  CS 010 - Batch 12 - Inspection,AZ-RR-41-32 - L Victory Trading Ltd,Manufacturing,12,CS010,22.59,2024,Xero Export
2024-07-18 00:00:00,L Victory Trading Ltd -  CS 011 - Batch 12 - Inspection,AZ-RR-41-32 - L Victory Trading Ltd,Manufacturing,12,CS011,29.32,2024,Xero Export
2024-07-18 00:00:00,L Victory Trading Ltd -  CS 012 - Batch 12 - Inspection,AZ-RR-41-32 - L Victory Trading Ltd,Manufacturing,12,CS012,13.07,2024,Xero Export
2024-07-30 00:00:00,Huizhou Anboson Technology Co Ltd - CS 009 - Batch 12 - Production Gloves,16477829501037350 - Huizhou Anboson Technology Co Ltd,Manufacturing,12,CS009,147.72,2024,Xero Export
2024-07-30 00:00:00,Huizhou Anboson Technology Co Ltd - CS 012 - Batch 12 - Production Gloves,16477829501037350 - Huizhou Anboson Technology Co Ltd,Manufacturing,12,CS012,97.73,2024,Xero Export
2024-08-05 00:00:00,PrimLink - CS CDS 001 - Batch 3 - Inspection,002240044 - PrimLink,Manufacturing,3,CSCDS001,32.34,2024,Xero Export
2024-08-05 00:00:00,PrimLink - CS CDS 002 - Batch 3 - Inspection,002240044 - PrimLink,Manufacturing,3,CSCDS002,45.92,2024,Xero Export
2024-08-11 00:00:00,Bari Textiles - CS CDS 001 - Batch 3 - Inspection,BTML‐240065‐01 - Bari Textile,Manufacturing,3,CSCDS001,2014.65,2024,Xero Export
2024-08-11 00:00:00,Bari Textiles - CS CDS002 - Batch 3 - Inspection,BTML‐240065‐01 - Bari Textile,Manufacturing,3,CSCDS002,7367.92,2024,Xero Export
2024-11-06 00:00:00,"Jiangsu Guangyun Electromechanical Co., Ltd. - CS 007 - Batch 13 - Production","PH241122 - Jiangsu Guangyun Electromechanical Co., Ltd.",Manufacturing,13,CS007,301.3,2024,Xero Export
2024-11-06 00:00:00,"Jiangsu Guangyun Electromechanical Co., Ltd. - CS 008 -  Batch 13 - Production","PH241122 - Jiangsu Guangyun Electromechanical Co., Ltd.",Manufacturing,13,CS008,282.29,2024,Xero Export
2024-11-06 00:00:00,"Jiangsu Guangyun Electromechanical Co., Ltd. - CS 010 -  Batch 13 - Production","PH241122 - Jiangsu Guangyun Electromechanical Co., Ltd.",Manufacturing,13,CS010,2567.66,2024,Xero Export
2024-11-06 00:00:00,"Jiangsu Guangyun Electromechanical Co., Ltd. - CS 007 -  Batch 13 - Production","PH241122 - Jiangsu Guangyun Electromechanical Co., Ltd.",Manufacturing,13,CS007,7505.1,2024,Xero Export
2024-11-06 00:00:00,L Victory Trading Ltd -  CS 007 - Batch 13 - Inspection,AZ-RR-42-40 - L Victory Trading Ltd,Manufacturing,13,CS007,103.98,2024,Xero Export
2024-11-06 00:00:00,L Victory Trading Ltd -  CS 008 - Batch 13 - Inspection,AZ-RR-42-40 - L Victory Trading Ltd,Manufacturing,13,CS008,7.29,2024,Xero Export
2024-11-06 00:00:00,L Victory Trading Ltd -  CS 009 - Batch 13 - Inspection,AZ-RR-42-40 - L Victory Trading Ltd,Manufacturing,13,CS009,19.26,2024,Xero Export
2024-11-06 00:00:00,L Victory Trading Ltd -  CS 010 - Batch 13 - Inspection,AZ-RR-42-40 - L Victory Trading Ltd,Manufacturing,13,CS010,25.29,2024,Xero Export
2024-11-06 00:00:00,L Victory Trading Ltd -  CS 011 - Batch 13 - Inspection,AZ-RR-42-40 - L Victory Trading Ltd,Manufacturing,13,CS011,25.54,2024,Xero Export
2024-11-06 00:00:00,L Victory Trading Ltd -  CS 012 - Batch 13 - Inspection,AZ-RR-42-40 - L Victory Trading Ltd,Manufacturing,13,CS012,12.74,2024,Xero Export
2024-11-06 00:00:00,"Jiangsu Guangyun Electromechanical Co., Ltd. - CS 011 -  Batch 13 - Production","PH241122 - Jiangsu Guangyun Electromechanical Co., Ltd.",Manufacturing,13,CS011,5184.7,2024,Xero Export
2024-11-06 00:00:00,"Jiangsu Guangyun Electromechanical Co., Ltd. - CS 009 -  Batch 13 - Production","PH241122 - Jiangsu Guangyun Electromechanical Co., Ltd.",Manufacturing,13,CS009,2484.19,2024,Xero Export
2024-11-06 00:00:00,"Jiangsu Guangyun Electromechanical Co., Ltd. - CS 012 -  Batch 13 - Production","PH241122 - Jiangsu Guangyun Electromechanical Co., Ltd.",Manufacturing,13,CS012,4312.36,2024,Xero Export
2024-11-12 00:00:00,PrimLink - CS CDS 001 - Batch 4 - PSI,002240057 - PrimLink,Manufacturing,4,CSCDS001,45.94,2024,Xero Export
2024-11-12 00:00:00,PrimLink - CS CDS 002 - Batch 4 - PSI,002240057 - PrimLink,Manufacturing,4,CSCDS002,38.82,2024,Xero Export
2025-01-07 00:00:00,FMC Logistics - CS 008_Batch 13_Custom Duty,FM46320D_MSC BIANCA SILVIA _TCNU2723703_UK,Freight & Custom Duty,13,CS008,76.53,2025,Inventory Account
2025-01-07 00:00:00,FMC Logistics - CS 010_Batch 13_Custom Duty,FM46320D_MSC BIANCA SILVIA _TCNU2723703_UK,Freight & Custom Duty,13,CS010,265.31,2025,Inventory Account
2025-01-07 00:00:00,FMC Logistics - CS 007_Batch 13_Custom Duty,FM46320D_MSC BIANCA SILVIA _TCNU2723703_UK,Freight & Custom Duty,13,CS007,1090.57,2025,Inventory Account
2025-01-07 00:00:00,FMC Logistics - CS 011_Batch 13_Custom Duty,FM46320D_MSC BIANCA SILVIA _TCNU2723703_UK,Freight & Custom Duty,13,CS011,267.86,2025,Inventory Account
2025-01-07 00:00:00,FMC Logistics - CS 009_Batch 13_Custom Duty,FM46320D_MSC BIANCA SILVIA _TCNU2723703_UK,Freight & Custom Duty,13,CS009,202.04,2025,Inventory Account
2025-01-07 00:00:00,FMC Logistics - CS 012_Batch 13_Custom Duty,FM46320D_MSC BIANCA SILVIA _TCNU2723703_UK,Freight & Custom Duty,13,CS012,133.67,2025,Inventory Account
2025-03-11 00:00:00,Huizhou Anboson Technology Co Ltd - CS 009_Batch 14_Production Gloves,"ABC20250311008_Huizhou Anboson Technology Co., Ltd. ",Manufacturing,14,CS009,173.79,2025,Inventory Account
2025-03-11 00:00:00,Huizhou Anboson Technology Co Ltd - CS 012_Batch 14_Production Gloves,"ABC20250311008_Huizhou Anboson Technology Co., Ltd. ",Manufacturing,14,CS012,306.95,2025,Inventory Account
2025-03-15 00:00:00,Shanghai Yucai Industrial Co Ltd - CS 007_Batch 14_Production Box,PI250111_Shanghai Yucai Industrial Co Ltd,Manufacturing,14,CS007,359.94,2025,Inventory Account
2025-03-15 00:00:00,Shanghai Yucai Industrial Co Ltd - CS 011_Batch 14_Production Box,PI250111_Shanghai Yucai Industrial Co Ltd,Manufacturing,14,CS011,440.72,2025,Inventory Account
2025-03-15 00:00:00,Shanghai Yucai Industrial Co Ltd - CS 009_Batch 14_Production Box,PI250111_Shanghai Yucai Industrial Co Ltd,Manufacturing,14,CS009,607.91,2025,Inventory Account
2025-03-15 00:00:00,Shanghai Yucai Industrial Co Ltd - CS 012_Batch 14_Production Box,PI250111_Shanghai Yucai Industrial Co Ltd,Manufacturing,14,CS012,486.24,2025,Inventory Account
2025-04-25 00:00:00,L Victory Trading Ltd -  CS 007_Batch 14_Inspection,AZ-RR-45-44_L Victory Trading Ltd,Manufacturing,14,CS007,31.84,2025,Inventory Account
2025-04-25 00:00:00,L Victory Trading Ltd -  CS 008_Batch 14_Inspection,AZ-RR-45-44_L Victory Trading Ltd,Manufacturing,14,CS008,9.02,2025,Inventory Account
2025-04-25 00:00:00,L Victory Trading Ltd -  CS 009_Batch 14_Inspection,AZ-RR-45-44_L Victory Trading Ltd,Manufacturing,14,CS009,68.14,2025,Inventory Account
2025-04-25 00:00:00,L Victory Trading Ltd -  CS 011_Batch 14_Inspection,AZ-RR-45-44_L Victory Trading Ltd,Manufacturing,14,CS011,40.38,2025,Inventory Account
2025-04-25 00:00:00,L Victory Trading Ltd -  CS 012_Batch 14_Inspection,AZ-RR-45-44_L Victory Trading Ltd,Manufacturing,14,CS012,38.45,2025,Inventory Account
2025-04-28 00:00:00,"JIANGSU ZHIWEI ELECTROMECHANICAL CO., LTD. - CS 008_Batch 14_Production","PI-2503142_JIANGSU ZHIWEI ELECTROMECHANICAL CO., LTD.",Manufacturing,14,CS008,202.91,2025,Inventory Account
2025-04-28 00:00:00,"JIANGSU ZHIWEI ELECTROMECHANICAL CO., LTD. - CS 007_Batch 14_Production","PI-2503142_JIANGSU ZHIWEI ELECTROMECHANICAL CO., LTD.",Manufacturing,14,CS007,6142.45,2025,Inventory Account
2025-04-28 00:00:00,"JIANGSU ZHIWEI ELECTROMECHANICAL CO., LTD. - CS 011_Batch 14_Production","PI-2503142_JIANGSU ZHIWEI ELECTROMECHANICAL CO., LTD.",Manufacturing,14,CS011,4769.96,2025,Inventory Account
2025-04-28 00:00:00,"JIANGSU ZHIWEI ELECTROMECHANICAL CO., LTD. - CS 009_Batch 14_Production","PI-2503142_JIANGSU ZHIWEI ELECTROMECHANICAL CO., LTD.",Manufacturing,14,CS009,6330.49,2025,Inventory Account
2025-04-28 00:00:00,"JIANGSU ZHIWEI ELECTROMECHANICAL CO., LTD. - CS 012_Batch 14_Production","PI-2503142_JIANGSU ZHIWEI ELECTROMECHANICAL CO., LTD.",Manufacturing,14,CS012,7571.37,2025,Inventory Account
2025-05-12 00:00:00,Huizhou Anboson Technology Co Ltd - CS 009_Batch 14_Production Gloves,"ABC20250512007_Huizhou Anboson Technology Co., Ltd. ",Manufacturing,14,CS009,263.48,2025,Inventory Account
2025-05-12 00:00:00,Huizhou Anboson Technology Co Ltd - CS 012_Batch 14_Production Gloves,"ABC20250512007_Huizhou Anboson Technology Co., Ltd. ",Manufacturing,14,CS012,121.6,2025,Inventory Account
2025-05-12 00:00:00,"JIANGSU ZHIWEI ELECTROMECHANICAL CO., LTD. - CS 007_Batch 15_Production","PI-2505123B_JIANGSU ZHIWEI ELECTROMECHANICAL CO., LTD.",Manufacturing,15,CS007,13016.77,2025,Inventory Account
2025-05-12 00:00:00,"JIANGSU ZHIWEI ELECTROMECHANICAL CO., LTD. - CS 009_Batch 15_Production","PI-2505123B_JIANGSU ZHIWEI ELECTROMECHANICAL CO., LTD.",Manufacturing,15,CS009,6459.19,2025,Inventory Account
2025-05-26 00:00:00,Shanghai Yucai Industrial Co Ltd - CS 007_Batch 15_Production Box,PI250526_Shanghai Yucai Industrial Co Ltd,Manufacturing,15,CS007,3771.22,2025,Inventory Account
2025-05-26 00:00:00,Shanghai Yucai Industrial Co Ltd - CS 009_Batch 15_Production Box,PI250526_Shanghai Yucai Industrial Co Ltd,Manufacturing,15,CS009,784.71,2025,Inventory Account
2025-06-10 00:00:00,FMC Logistics - CS 008_Batch 14_Freight,FM49300_Ever Arm_DFSU6052936_UK,Freight & Custom Duty,14,CS008,84.74,2025,Inventory Account
2025-06-10 00:00:00,FMC Logistics - CS 007_Batch 14_Freight,FM49300_Ever Arm_DFSU6052936_UK,Freight & Custom Duty,14,CS007,1322.01,2025,Inventory Account
2025-06-10 00:00:00,FMC Logistics - CS 011_Batch 14_Freight,FM49300_Ever Arm_DFSU6052936_UK,Freight & Custom Duty,14,CS011,379.65,2025,Inventory Account
2025-06-10 00:00:00,FMC Logistics - CS 009_Batch 14_Freight,FM49300_Ever Arm_DFSU6052936_UK,Freight & Custom Duty,14,CS009,793.21,2025,Inventory Account
2025-06-10 00:00:00,FMC Logistics - CS 012_Batch 14_Freight,FM49300_Ever Arm_DFSU6052936_UK,Freight & Custom Duty,14,CS012,361.58,2025,Inventory Account
2025-06-13 00:00:00,FMC Logistics - CS 008_Batch 14_Custom Duty,FM49407D_Ever Arm_DFSU6052936_UK,Freight & Custom Duty,14,CS008,45.9,2025,Inventory Account
2025-06-13 00:00:00,FMC Logistics - CS 007_Batch 14_Custom Duty,FM49407D_Ever Arm_DFSU6052936_UK,Freight & Custom Duty,14,CS007,716.11,2025,Inventory Account
2025-06-13 00:00:00,FMC Logistics - CS 011_Batch 14_Custom Duty,FM49407D_Ever Arm_DFSU6052936_UK,Freight & Custom Duty,14,CS011,205.65,2025,Inventory Account
2025-06-13 00:00:00,FMC Logistics - CS 009_Batch 14_Custom Duty,FM49407D_Ever Arm_DFSU6052936_UK,Freight & Custom Duty,14,CS009,429.67,2025,Inventory Account
2025-06-13 00:00:00,FMC Logistics - CS 012_Batch 14_Custom Duty,FM49407D_Ever Arm_DFSU6052936_UK,Freight & Custom Duty,14,CS012,195.87,2025,Inventory Account
2025-06-24 00:00:00,L Victory Trading Ltd -  CS 007_Batch 15_Inspection,AZ-RR-45-45_L Victory Trading Ltd,Manufacturing,15,CS007,142.49,2025,Inventory Account
2025-06-24 00:00:00,L Victory Trading Ltd -  CS 009_Batch 15_Inspection,AZ-RR-45-45_L Victory Trading Ltd,Manufacturing,15,CS009,41.16,2025,Inventory Account
